

INSERT INTO `auction_rule` (`rule_id`,`proceed_way`,`skeleton`) VALUES (1,'NORMAL',5);


INSERT INTO `participant_role` (`participant_role_id`,`role_name`,`point`,`rule_id`) VALUES (1,'ZEUS','700',1);
INSERT INTO `participant_role` (`participant_role_id`,`role_name`,`point`,`rule_id`) VALUES (2,'ONER','750',1);
INSERT INTO `participant_role` (`participant_role_id`,`role_name`,`point`,`rule_id`) VALUES (3,'FAKER','550',1);
INSERT INTO `participant_role` (`participant_role_id`,`role_name`,`point`,`rule_id`) VALUES (4,'GUMAYUSI','600',1);
INSERT INTO `participant_role` (`participant_role_id`,`role_name`,`point`,`rule_id`) VALUES (5,'KERIA','650',1);


INSERT INTO `team_position` (`position_id`,`position_name`,`rule_id`) VALUES (1,'TOP',1);
INSERT INTO `team_position` (`position_id`,`position_name`,`rule_id`) VALUES (2,'JUNGLE',1);
INSERT INTO `team_position` (`position_id`,`position_name`,`rule_id`) VALUES (3,'MID',1);
INSERT INTO `team_position` (`position_id`,`position_name`,`rule_id`) VALUES (4,'AD CARRY',1);
INSERT INTO `team_position` (`position_id`,`position_name`,`rule_id`) VALUES (5,'SUPPORT',1);


INSERT INTO `auction_item` (`item_id`,`name`,`rule_id`, `img`, `position_id`) VALUES (1,'KIIN',1, 'https://image.fmkorea.com/files/attach/new3/20230329/14339012/5169126239/5626726225/a96e8f0a4751850e1c87388575c7a195.jpg', 1);
INSERT INTO `auction_item` (`item_id`,`name`,`rule_id`, `img`, `position_id`) VALUES (2,'CANYON',1, 'https://image.fmkorea.com/files/attach/new3/20230329/14339012/5169126239/5626726225/a96e8f0a4751850e1c87388575c7a195.jpg', 2);
INSERT INTO `auction_item` (`item_id`,`name`,`rule_id`, `img`, `position_id`) VALUES (3,'CHOVY',1, 'https://image.fmkorea.com/files/attach/new3/20230329/14339012/5169126239/5626726225/a96e8f0a4751850e1c87388575c7a195.jpg', 3);
INSERT INTO `auction_item` (`item_id`,`name`,`rule_id`, `img`, `position_id`) VALUES (4,'PEYZ',1, 'https://image.fmkorea.com/files/attach/new3/20230329/14339012/5169126239/5626726225/a96e8f0a4751850e1c87388575c7a195.jpg', 4);
INSERT INTO `auction_item` (`item_id`,`name`,`rule_id`, `img`, `position_id`) VALUES (5,'LEHENDS',1, 'https://image.fmkorea.com/files/attach/new3/20230329/14339012/5169126239/5626726225/a96e8f0a4751850e1c87388575c7a195.jpg', 5);

INSERT INTO `auction_item` (`item_id`,`name`,`rule_id`, `img`, `position_id`) VALUES (6,'DORAN',1, 'https://image.fmkorea.com/files/attach/new3/20230329/14339012/5169126239/5626726225/a96e8f0a4751850e1c87388575c7a195.jpg', 1);
INSERT INTO `auction_item` (`item_id`,`name`,`rule_id`, `img`, `position_id`) VALUES (7,'PEANUT',1, 'https://image.fmkorea.com/files/attach/new3/20230329/14339012/5169126239/5626726225/a96e8f0a4751850e1c87388575c7a195.jpg', 2);
INSERT INTO `auction_item` (`item_id`,`name`,`rule_id`, `img`, `position_id`) VALUES (8,'ZEKA',1, 'https://image.fmkorea.com/files/attach/new3/20230329/14339012/5169126239/5626726225/a96e8f0a4751850e1c87388575c7a195.jpg', 3);
INSERT INTO `auction_item` (`item_id`,`name`,`rule_id`, `img`, `position_id`) VALUES (9,'VIPER',1, 'https://image.fmkorea.com/files/attach/new3/20230329/14339012/5169126239/5626726225/a96e8f0a4751850e1c87388575c7a195.jpg', 4);
INSERT INTO `auction_item` (`item_id`,`name`,`rule_id`, `img`, `position_id`) VALUES (10,'DELIGHT',1, 'https://image.fmkorea.com/files/attach/new3/20230329/14339012/5169126239/5626726225/a96e8f0a4751850e1c87388575c7a195.jpg', 5);

INSERT INTO `auction_item` (`item_id`,`name`,`rule_id`, `img`, `position_id`) VALUES (11,'PERFECT',1, 'https://image.fmkorea.com/files/attach/new3/20230329/14339012/5169126239/5626726225/a96e8f0a4751850e1c87388575c7a195.jpg', 1);
INSERT INTO `auction_item` (`item_id`,`name`,`rule_id`, `img`, `position_id`) VALUES (12,'PYOSIK',1, 'https://image.fmkorea.com/files/attach/new3/20230329/14339012/5169126239/5626726225/a96e8f0a4751850e1c87388575c7a195.jpg', 2);
INSERT INTO `auction_item` (`item_id`,`name`,`rule_id`, `img`, `position_id`) VALUES (13,'BDD',1, 'https://image.fmkorea.com/files/attach/new3/20230329/14339012/5169126239/5626726225/a96e8f0a4751850e1c87388575c7a195.jpg', 3);
INSERT INTO `auction_item` (`item_id`,`name`,`rule_id`, `img`, `position_id`) VALUES (14,'DEFT',1, 'https://image.fmkorea.com/files/attach/new3/20230329/14339012/5169126239/5626726225/a96e8f0a4751850e1c87388575c7a195.jpg', 4);
INSERT INTO `auction_item` (`item_id`,`name`,`rule_id`, `img`, `position_id`) VALUES (15,'BERYL',1, 'https://image.fmkorea.com/files/attach/new3/20230329/14339012/5169126239/5626726225/a96e8f0a4751850e1c87388575c7a195.jpg', 5);

INSERT INTO `auction_item` (`item_id`,`name`,`rule_id`, `img`, `position_id`) VALUES (16,'KINGEN',1, 'https://image.fmkorea.com/files/attach/new3/20230329/14339012/5169126239/5626726225/a96e8f0a4751850e1c87388575c7a195.jpg', 1);
INSERT INTO `auction_item` (`item_id`,`name`,`rule_id`, `img`, `position_id`) VALUES (17,'LUCID',1, 'https://image.fmkorea.com/files/attach/new3/20230329/14339012/5169126239/5626726225/a96e8f0a4751850e1c87388575c7a195.jpg', 2);
INSERT INTO `auction_item` (`item_id`,`name`,`rule_id`, `img`, `position_id`) VALUES (18,'SHOWMAKER',1, 'https://image.fmkorea.com/files/attach/new3/20230329/14339012/5169126239/5626726225/a96e8f0a4751850e1c87388575c7a195.jpg', 3);
INSERT INTO `auction_item` (`item_id`,`name`,`rule_id`, `img`, `position_id`) VALUES (19,'AIMING',1, 'https://image.fmkorea.com/files/attach/new3/20230329/14339012/5169126239/5626726225/a96e8f0a4751850e1c87388575c7a195.jpg', 4);
INSERT INTO `auction_item` (`item_id`,`name`,`rule_id`, `img`, `position_id`) VALUES (20,'KELLIN',1, 'https://image.fmkorea.com/files/attach/new3/20230329/14339012/5169126239/5626726225/a96e8f0a4751850e1c87388575c7a195.jpg', 5);

INSERT INTO `highlight` (`highlight_id`,`name`,`length`,`url`,`item_id`) VALUES (1,'KIIN',10,'t1_FVzv4l-4?si=XsPcnLvDt34yg-KK',1);
INSERT INTO `highlight` (`highlight_id`,`name`,`length`,`url`,`item_id`) VALUES (2,'CANYON',10,'offDIxZ_G7g',2);
INSERT INTO `highlight` (`highlight_id`,`name`,`length`,`url`,`item_id`) VALUES (3,'CHOVY',10,'d0mRzUIxvpo',3);
INSERT INTO `highlight` (`highlight_id`,`name`,`length`,`url`,`item_id`) VALUES (4,'PEYZ',10,'3_kGoZzZj80',4);
INSERT INTO `highlight` (`highlight_id`,`name`,`length`,`url`,`item_id`) VALUES (5,'LEHENDS',10,'Ag5BuDho8qs',5);

INSERT INTO `highlight` (`highlight_id`,`name`,`length`,`url`,`item_id`) VALUES (6,'DORAN',10,'bIbC7Hwl1s0',6);
INSERT INTO `highlight` (`highlight_id`,`name`,`length`,`url`,`item_id`) VALUES (7,'PEANUT',10,'GA9Ks3ZVG6Q',7);
INSERT INTO `highlight` (`highlight_id`,`name`,`length`,`url`,`item_id`) VALUES (8,'ZEKA',10,'sQkj37aH5yg',8);
INSERT INTO `highlight` (`highlight_id`,`name`,`length`,`url`,`item_id`) VALUES (9,'VIPER',10,'6BJvHEus4hk',9);
INSERT INTO `highlight` (`highlight_id`,`name`,`length`,`url`,`item_id`) VALUES (10,'DELIGHT',10,'6BJvHEus4hk',10);

INSERT INTO `highlight` (`highlight_id`,`name`,`length`,`url`,`item_id`) VALUES (11,'PERFECT',10,'Cwprs1nfsN8',11);
INSERT INTO `highlight` (`highlight_id`,`name`,`length`,`url`,`item_id`) VALUES (12,'PYOSIK',10,'6olZEW7l24Y',12);
INSERT INTO `highlight` (`highlight_id`,`name`,`length`,`url`,`item_id`) VALUES (13,'BDD',10,'Cwprs1nfsN8',13);
INSERT INTO `highlight` (`highlight_id`,`name`,`length`,`url`,`item_id`) VALUES (14,'DEFT',10,'aa67BnS-kX0',14);
INSERT INTO `highlight` (`highlight_id`,`name`,`length`,`url`,`item_id`) VALUES (15,'BERYL',10,'dtzpDr5GjUY',15);

INSERT INTO `highlight` (`highlight_id`,`name`,`length`,`url`,`item_id`) VALUES (16,'KINGEN',10,'iB9X6oHylNo',16);
INSERT INTO `highlight` (`highlight_id`,`name`,`length`,`url`,`item_id`) VALUES (17,'LUCID',10,'JJS3XJJGMhw',17);
INSERT INTO `highlight` (`highlight_id`,`name`,`length`,`url`,`item_id`) VALUES (18,'SHOWMAKER',10,'EUKP9gX2TRU',18);
INSERT INTO `highlight` (`highlight_id`,`name`,`length`,`url`,`item_id`) VALUES (19,'AIMING',10,'EUKP9gX2TRU',19);
INSERT INTO `highlight` (`highlight_id`,`name`,`length`,`url`,`item_id`) VALUES (20,'KELLIN',10,'ecv5WEkO9Zk',20);







